P011   	P013                	P016                	P017                     	P018          	P019                                   	P020                      	P022                	P023                           	P024               	P026               	P027        	P028                                   	P029                	P033                	P034                	P035               	P036                	P037                                   	P038                        	P041                	P056                	P057                                   	P058                	P059                                            	P060           	P061     	P062                	P064                           	P065                                              	P066                                   	P086                	P103                	P105
CTCF   	Nonsense            	                    	                         	              	                                       	Frameshift                	                    	                               	                   	                   	            	                                       	                    	                    	                    	                   	                    	                                       	                            	Frameshift          	                    	                                       	                    	                                                	               	         	                    	                               	Splice_Site                                       	Hemizygous_Deletion                    	                    	                    	                             	
JAK1   	                    	Missense            	                         	Amplification 	                                       	                          	                    	                               	                   	                   	            	Hemizygous_Deletion                    	                    	                    	                    	Missense           	                    	                                       	                            	                    	                    	                                       	                    	                                                	               	Missense 	                    	                               	                                                  	                                       	                    	                    	                             	Missense
NRAS   	                    	Missense            	                         	Missense      	                                       	                          	                    	                               	                   	                   	Missense    	Hemizygous_Deletion                    	                    	                    	                    	                   	                    	                                       	Missense                    	                    	                    	                                       	                    	                                                	               	         	                    	                               	                                                  	                                       	                    	                    	                             	
MED12  	Hemizygous_Deletion 	Nonsense            	                         	              	                                       	                          	                    	                               	                   	Frameshift         	Splice_Site 	                                       	                    	Amplification       	                    	                   	Hemizygous_Deletion 	                                       	                            	Frameshift          	                    	                                       	                    	                                                	               	         	                    	                               	                                                  	                                       	Hemizygous_Deletion 	                    	Hemizygous_Deletion          	Nonsense
PTEN   	                    	                    	Other;Structural_Variant 	              	                                       	                          	                    	                               	                   	                   	            	                                       	                    	                    	                    	                   	                    	                                       	                            	                    	                    	                                       	                    	Missense;Homozygous_Deletion;Structural_Variant 	               	         	                    	                               	Frameshift;Hemizygous_Deletion;Structural_Variant 	                                       	                    	                    	                             	
EZH2   	                    	                    	Amplification            	Missense      	                                       	Structural_Variant        	                    	                               	                   	                   	            	                                       	                    	                    	                    	Frameshift         	                    	                                       	                            	Frameshift;Missense 	                    	                                       	                    	                                                	               	         	                    	                               	                                                  	Missense                               	                    	                    	                             	
NOTCH1 	                    	                    	                         	Missense      	                                       	Frameshift;Missense;Other 	                    	                               	                   	Structural_Variant 	            	                                       	Frameshift;Missense 	                    	                    	Other              	Other               	Missense                               	                            	Frameshift;Missense 	Other;Missense      	                                       	                    	Nonsense                                        	               	         	Frameshift          	Other                          	Missense                                          	                                       	                    	                    	                             	
CHD4   	                    	                    	                         	              	Hemizygous_Deletion                    	Missense                  	                    	                               	                   	                   	            	                                       	                    	                    	Hemizygous_Deletion 	                   	                    	                                       	                            	                    	                    	                                       	                    	                                                	               	Missense 	                    	                               	                                                  	                                       	                    	Hemizygous_Deletion 	                             	Missense
CNOT1  	                    	                    	                         	              	                                       	Splice_Site               	                    	                               	                   	                   	            	                                       	                    	                    	                    	                   	                    	                                       	Missense;Structural_Variant 	                    	                    	                                       	                    	                                                	               	         	                    	                               	                                                  	                                       	                    	                    	Frameshift                   	
JAK3   	                    	                    	                         	              	                                       	Missense                  	                    	                               	                   	                   	            	                                       	                    	                    	                    	Missense           	                    	                                       	                            	Missense            	                    	                                       	                    	                                                	               	Missense 	Missense            	                               	                                                  	                                       	                    	                    	                             	Missense
PHF6   	Hemizygous_Deletion 	                    	                         	              	                                       	Splice_Site               	                    	Missense                       	                   	Structural_Variant 	Nonsense    	Structural_Variant                     	                    	Amplification       	                    	                   	Hemizygous_Deletion 	Frameshift                             	Structural_Variant          	Nonsense            	                    	Frameshift                             	                    	                                                	               	Missense 	Nonsense            	                               	                                                  	Frameshift                             	Hemizygous_Deletion 	                    	Hemizygous_Deletion          	
CDKN2A 	Homozygous_Deletion 	                    	Homozygous_Deletion      	              	Homozygous_Deletion                    	                          	Hemizygous_Deletion 	Frameshift;Homozygous_Deletion 	Structural_Variant 	                   	            	Homozygous_Deletion;Structural_Variant 	                    	Homozygous_Deletion 	Homozygous_Deletion 	                   	Homozygous_Deletion 	Homozygous_Deletion                    	                            	Hemizygous_Deletion 	                    	Homozygous_Deletion                    	Homozygous_Deletion 	Homozygous_Deletion;Structural_Variant          	               	         	                    	Homozygous_Deletion            	                                                  	Homozygous_Deletion                    	                    	                    	                             	
AHNAK2 	                    	                    	                         	              	                                       	                          	                    	                               	                   	Missense           	            	                                       	                    	Missense            	                    	                   	                    	                                       	                            	                    	                    	                                       	                    	Missense                                        	               	         	Missense            	                               	                                                  	                                       	                    	                    	                             	
TYRO3  	                    	                    	                         	              	                                       	                          	                    	                               	                   	Splice_Site        	            	                                       	                    	                    	Splice_Site         	                   	                    	                                       	                            	                    	Splice_Site         	                                       	                    	                                                	               	         	                    	                               	                                                  	                                       	                    	                    	                             	Splice_Site
DNM2   	                    	                    	                         	              	                                       	                          	                    	                               	                   	Missense           	            	Frameshift                             	                    	                    	                    	                   	                    	Nonsense                               	                            	Missense            	                    	                                       	                    	                                                	               	         	Missense            	                               	Missense                                          	Missense                               	                    	                    	                             	
FLT3   	                    	                    	                         	              	                                       	                          	                    	                               	                   	                   	            	Other;Structural_Variant               	                    	                    	                    	                   	                    	                                       	                            	                    	                    	                                       	                    	                                                	               	         	                    	                               	                                                  	Other;Structural_Variant               	Other               	                    	                             	
KAT6A  	                    	                    	                         	              	Hemizygous_Deletion                    	                          	                    	                               	                   	                   	            	                                       	Frameshift          	                    	                    	                   	                    	                                       	                            	                    	                    	                                       	                    	                                                	               	         	Hemizygous_Deletion 	                               	                                                  	                                       	                    	Nonsense            	                             	Frameshift
MUC17  	                    	                    	Amplification            	              	                                       	                          	                    	                               	                   	                   	            	                                       	                    	Missense            	                    	                   	                    	                                       	                            	                    	Missense            	                                       	Missense            	                                                	               	         	                    	                               	                                                  	                                       	                    	                    	                             	
SETD2  	                    	                    	                         	              	                                       	                          	                    	                               	                   	                   	            	                                       	                    	                    	                    	                   	                    	                                       	Missense                    	                    	                    	                                       	                    	                                                	               	         	Nonsense            	                               	                                                  	                                       	                    	                    	                             	Missense
BRAF   	                    	                    	Amplification            	Amplification 	                                       	                          	                    	                               	                   	                   	            	                                       	                    	                    	                    	                   	                    	                                       	Missense                    	                    	                    	                                       	                    	                                                	               	         	                    	                               	                                                  	                                       	                    	                    	                             	
ZNF99  	                    	                    	                         	              	                                       	                          	                    	                               	                   	                   	            	                                       	                    	                    	                    	                   	                    	                                       	Missense                    	                    	                    	                                       	                    	                                                	Other;Missense 	         	                    	Missense                       	                                                  	                                       	                    	                    	                             	
WT1    	                    	                    	                         	              	                                       	                          	                    	                               	                   	                   	            	                                       	                    	                    	                    	                   	                    	                                       	Hemizygous_Deletion         	Missense;Frameshift 	                    	                                       	                    	                                                	               	Missense 	                    	Frameshift;Hemizygous_Deletion 	Frameshift;Hemizygous_Deletion                    	                                       	                    	                    	Hemizygous_Deletion          	
KRAS   	                    	Homozygous_Deletion 	                         	              	                                       	                          	                    	                               	                   	                   	            	                                       	                    	                    	                    	                   	                    	                                       	                            	                    	Missense            	                                       	                    	                                                	               	         	                    	                               	                                                  	                                       	                    	Hemizygous_Deletion 	                             	
CENPB  	                    	                    	                         	              	                                       	                          	                    	                               	                   	                   	            	                                       	                    	                    	                    	                   	                    	                                       	                            	                    	Other               	                                       	Other               	                                                	               	         	                    	                               	                                                  	                                       	                    	Other               	                             	Other
SUZ12  	                    	                    	                         	              	                                       	                          	                    	                               	                   	                   	            	                                       	                    	                    	                    	                   	                    	                                       	                            	                    	                    	                                       	                    	                                                	               	         	                    	                               	Splice_Site                                       	                                       	                    	                    	Hemizygous_Deletion          	Frameshift
FBXW7  	                    	                    	                         	              	                                       	Amplification             	                    	                               	                   	                   	            	                                       	                    	                    	                    	                   	                    	                                       	                            	                    	                    	                                       	                    	                                                	               	         	Amplification       	                               	                                                  	Missense                               	                    	                    	                             	
ETV6   	                    	Homozygous_Deletion 	                         	              	Hemizygous_Deletion                    	                          	                    	                               	                   	                   	            	Structural_Variant                     	                    	                    	Hemizygous_Deletion 	                   	                    	                                       	Hemizygous_Deletion         	                    	                    	Hemizygous_Deletion;Structural_Variant 	                    	                                                	               	         	                    	                               	                                                  	                                       	                    	Hemizygous_Deletion 	Missense;Hemizygous_Deletion 	
CDKN2B 	Homozygous_Deletion 	                    	Homozygous_Deletion      	              	Homozygous_Deletion;Structural_Variant 	                          	                    	Homozygous_Deletion            	                   	                   	            	                                       	                    	Homozygous_Deletion 	Homozygous_Deletion 	                   	Homozygous_Deletion 	Homozygous_Deletion;Structural_Variant 	                            	Hemizygous_Deletion 	                    	Homozygous_Deletion                    	Homozygous_Deletion 	                                                	               	         	                    	Homozygous_Deletion            	                                                  	Homozygous_Deletion                    	                    	                    	                             	
KDM6A  	Hemizygous_Deletion 	                    	                         	              	                                       	                          	                    	                               	                   	                   	            	                                       	                    	                    	                    	                   	                    	                                       	                            	                    	                    	                                       	                    	                                                	               	         	                    	                               	                                                  	                                       	Hemizygous_Deletion 	                    	Hemizygous_Deletion          	
RPL10  	Hemizygous_Deletion 	                    	                         	              	                                       	                          	                    	                               	                   	                   	            	                                       	                    	Amplification       	                    	                   	Hemizygous_Deletion 	                                       	                            	                    	                    	                                       	                    	                                                	               	         	                    	                               	                                                  	                                       	Hemizygous_Deletion 	                    	Hemizygous_Deletion          	
USP9X  	Hemizygous_Deletion 	                    	                         	              	                                       	                          	                    	                               	                   	                   	            	                                       	                    	                    	                    	                   	                    	                                       	                            	                    	                    	                                       	                    	                                                	               	         	                    	                               	                                                  	                                       	Hemizygous_Deletion 	                    	Hemizygous_Deletion          	
IKZF1  	                    	                    	Amplification            	              	                                       	                          	                    	                               	                   	                   	            	Hemizygous_Deletion;Structural_Variant 	                    	                    	                    	                   	                    	                                       	                            	                    	                    	                                       	                    	                                                	               	         	                    	                               	Hemizygous_Deletion                               	Hemizygous_Deletion;Structural_Variant 	                    	                    	                             	
TAL1   	                    	                    	                         	Amplification 	                                       	                          	                    	                               	                   	                   	            	Hemizygous_Deletion                    	                    	                    	                    	                   	Hemizygous_Deletion 	                                       	                            	                    	                    	                                       	                    	                                                	               	         	                    	                               	                                                  	                                       	                    	                    	                             	
RPL22  	                    	                    	                         	              	                                       	                          	                    	                               	                   	                   	            	                                       	                    	                    	                    	                   	                    	                                       	                            	Hemizygous_Deletion 	Hemizygous_Deletion 	                                       	                    	                                                	               	         	Hemizygous_Deletion 	                               	                                                  	Hemizygous_Deletion                    	                    	                    	                             	
TLX3   	Structural_Variant  	                    	                         	              	                                       	                          	                    	                               	                   	                   	            	                                       	                    	                    	                    	                   	                    	                                       	                            	                    	Hemizygous_Deletion 	                                       	                    	                                                	               	         	Hemizygous_Deletion 	                               	                                                  	                                       	                    	Hemizygous_Deletion 	                             	
RUNX1  	                    	                    	                         	              	Structural_Variant                     	                          	                    	                               	                   	                   	            	                                       	                    	                    	                    	Structural_Variant 	                    	                                       	                            	                    	                    	                                       	                    	                                                	               	         	                    	                               	                                                  	                                       	                    	                    	                             	Amplification
