Sample	SVType	Count
P011	Deletion	12
P011	Duplication	2
P011	Inter-chromosomal	4
P011	Inversion	2
P013	Deletion	24
P013	Duplication	10
P013	Inter-chromosomal	8
P013	Inversion	12
P016	Deletion	42
P016	Duplication	4
P016	Inter-chromosomal	8
P016	Inversion	4
P017	Deletion	18
P017	Duplication	14
P017	Inter-chromosomal	2
P017	Inversion	48
P018	Deletion	38
P018	Duplication	22
P018	Insertion	2
P018	Inter-chromosomal	20
P018	Inversion	26
P019	Deletion	20
P019	Duplication	18
P019	Inter-chromosomal	12
P019	Inversion	46
P020	Deletion	14
P020	Duplication	6
P022	Deletion	20
P022	Duplication	6
P022	Inter-chromosomal	4
P023	Deletion	16
P023	Duplication	4
P023	Inter-chromosomal	8
P024	Deletion	38
P024	Duplication	14
P024	Inter-chromosomal	2
P024	Inversion	2
P026	Deletion	6
P026	Duplication	6
P026	Inter-chromosomal	4
P026	Inversion	2
P027	Deletion	30
P027	Duplication	8
P027	Inter-chromosomal	12
P027	Inversion	8
P028	Deletion	22
P028	Duplication	12
P028	Insertion	2
P028	Inter-chromosomal	6
P029	Deletion	6
P029	Duplication	2
P029	Inter-chromosomal	10
P029	Inversion	2
P033	Deletion	40
P033	Duplication	6
P033	Insertion	2
P033	Inter-chromosomal	20
P033	Inversion	4
P034	Deletion	10
P034	Duplication	4
P034	Inter-chromosomal	10
P034	Inversion	2
P035	Deletion	28
P035	Duplication	12
P035	Insertion	2
P035	Inter-chromosomal	14
P036	Deletion	32
P036	Duplication	4
P036	Insertion	2
P036	Inter-chromosomal	28
P036	Inversion	6
P037	Deletion	1044
P037	Duplication	308
P037	Insertion	60
P037	Inter-chromosomal	78
P037	Inversion	114
P038	Deletion	34
P038	Duplication	4
P038	Inter-chromosomal	10
P038	Inversion	10
P041	Deletion	10
P041	Duplication	2
P041	Inter-chromosomal	10
P041	Inversion	2
P056	Deletion	34
P056	Duplication	8
P056	Inter-chromosomal	14
P057	Deletion	16
P057	Inter-chromosomal	10
P058	Deletion	14
P058	Duplication	6
P058	Inter-chromosomal	12
P059	Deletion	20
P059	Duplication	4
P059	Inter-chromosomal	6
P060	Deletion	10
P060	Duplication	4
P060	Insertion	2
P060	Inter-chromosomal	4
P061	Deletion	16
P061	Duplication	2
P061	Inter-chromosomal	8
P061	Inversion	12
P062	Deletion	26
P062	Duplication	2
P062	Inter-chromosomal	16
P062	Inversion	4
P064	Deletion	26
P064	Insertion	2
P064	Inter-chromosomal	18
P065	Deletion	40
P065	Duplication	12
P065	Inter-chromosomal	14
P065	Inversion	12
P066	Deletion	2
P066	Duplication	6
P086	Deletion	18
P086	Duplication	4
P086	Insertion	2
P086	Inter-chromosomal	28
P086	Inversion	16
P103	Deletion	32
P103	Duplication	14
P103	Insertion	8
P103	Inter-chromosomal	10
P103	Inversion	6
P105	Deletion	14
P105	Duplication	4
P105	Insertion	2
P105	Inter-chromosomal	4
P105	Inversion	2
